Sous-préfecture,Localité,Autre,CORRECTION
Abba,Autre,Bondjoukombo (Lami-pong 5-pk),Unknown 39 (Bondjoukombo)
Abba,,PK5(bondjocomo),Unknown 39 (Bondjoukombo)
Abba,,Bondjoukombo (pk5Lamy pong),Unknown 39 (Bondjoukombo)
Abba,,Bondjoukombo  (lammi pont),Unknown 39 (Bondjoukombo)
Abba,,Pk 5 bandoukombo (Lamy pong),Unknown 39 (Bondjoukombo)
Abba,,Bondjou-kombo( pk5 lami pong),Unknown 39 (Bondjoukombo)
Abba,,Bondjoukombo (Lami-Pong PK5) ,Unknown 39 (Bondjoukombo)
Abba,,Boundjoukombo(lami-pong pk5),Unknown 39 (Bondjoukombo)
Abba,,Gbanding,Gbading
Abba,,GBADING,Gbading
Abba,,Ngbindink (Abba),Gbading
Abba,,Ngbindink(Abba),Gbading
Abba,,Ngbading,Gbading
Abba,,Ngading,Gbading
Abba,,Gbadingue,Gbading
Abba,,Gbandingue,Gbading
Abba,,Banding,Gbading
Abba,,Ngbandigue,Gbading
Abba,,Ngbandingue,Gbading
Abba,,Gbading (Abba),Gbading
Abba,Nadziboro,,
Abba,Ngbafio 1,,
Abba,Sanda Boguera,,
Abba,Gbagaza,,
Abba,Koe,,
Abba,Abbo Boyafe,,
Alindao,Bando,,
Alindao,KONGO 2,,
Alindao,MISSION CATHOLIQUE,,
Alindao,Site Elim,,
Alindao,VOUNDJA DJOGO,,
Alindao,Kawa,,
Alindao,ZARAWA,,
Alindao,Site Catholique,,MISSION CATHOLIQUE
Alindao,ANGAZEU (KONGBO),,
Baboua,Autre,Béa ahoussa,Beiya-Gbakounde
Baboua,,Alime,
Baboua,,Koundoulou,
Baboua,,Alime koundoulou,
Baboua,,Koungoulou,
Baboua,,Ngamango,
Baboua,,Alim kougoulou,
Baboua,,Alima,
Baboua,,Alim,
Baboua,,Goundro,
Baboua,,Alim koungoulou,
Baboua,,Kangulou,
Baboua,Ngamongo,,
Baboua,Belanga,,
Baboua,Captara,,
Baboua,Brousse,,
Baboua,Garga Zallo,,
Baboua,Mayo-Lara 1,,
Baboua,Bondiba,,
Baboua,Gbaboua,,
Bakala,Bakala,,
Bakala,Kobadja,,
Bakala,Koudoukou,,
Bakala,Bakala-koupi,,
Bakala,Banguéla,,
Bakouma,Passiki,,
Bakouma,Lego,,
Bakouma,Madigui,,
Bakouma,Zime,,
Bakouma,Nguerefara,,
Bakouma,Bakouma,,
Bakouma,Bakouma (site),,site BAKOUMA
Bakouma,Balinguini,,
Bakouma,LENGO,,Lego
Bakouma,ZEME,,Zime
Bakouma,FADAMA,,
Bakouma,Bakouma(site)de déplacer,,site BAKOUMA
Bakouma,Bakouma (site) de déplacer,,site BAKOUMA
Bakouma,Bakoma,,Bakouma
Bakouma,Bakoma (site),,site BAKOUMA
Bakouma,Bakouma( site),,site BAKOUMA
Bakouma,Bakouma ( site),,site BAKOUMA
Bakouma,Bakouma ,,Bakouma
Bakouma,Balinguni,,Balinguini
Bakouma,BAKOUMA ( CENTRE),,Bakouma
Bakouma,BAKOUMA (CENTRE),,Bakouma
Bakouma,Baliguini,,Balinguini
Bambari,Autre,Ngakobo,Ngakobo
Bambari,AVIATION,,
Bambari,AWAL 1,,
Bambari,AWAL 2,,
Bambari,Bambari,,GBIASSANGO
Bambari,CAMP ELEVAGE,,
Bambari,CTRO,,
Bambari,GBIASSANGO,,
Bambari,KIDJIGRA 1,,
Bambari,MALOUM 1,,
Bambari,MINUSCA PK 8,,
Bambari,NGALINGOU,,
Bambari,Site alternatif (Misca),,
Bambari,WANGAYE 1,,
Bambari,Adoum,,
Bambari,Kapabanda,,
Bambari,Mblebanda,,
Bambari,Yatigaza,,
Bambari,0,,
Bambio,Autre,CENTRE BAMBIO,Bambio
Bambio,,BAMBIO CENTRE,Bambio
Bambio,,Bambio,Bambio
Bambio,,Bambino centre,Bambio
Bambio,,Bambio ,Bambio
Bambio,,Babio centre,Bambio
Bambio,Mambele,,
Bambio,Bounguele,,
Bambio,Bangoto,,
Bambouti,Autre,ABOCHI,
Bambouti,,Ikpiro,
Bambouti,,GBARIA,
Bamingui,Autre,ADOUMINDOU,
Bamingui,,ADOUM MINDOU,
Bamingui,Adoum-mindou,,
Bamingui,Adoumi Mindou,,
Bamingui,Adoum Mindou,,
Bangassou,Badakou,,
Bangassou,Bambarassa,,
Bangassou,Bondele,,
Bangassou,Boymasse,,
Bangassou,Dingadigui,,
Bangassou,Gbombe,,
Bangassou,Makembé,,Makembe
Bangassou,Mboro,,
Bangassou,Ngbanda,,
Bangassou,Sambora,,
Bangassou,Yongofongo 1,,Youngofongo 1
Bangassou,Bandali,,
Bangassou,Makembe,,
Bangassou,Ndigandigui ,,Dingadigui
Bangassou,Boymousse,,Boymasse
Bangassou,Bamarassa,,Bambarassa
Bangassou,Yougofongo,,Youngofongo 1
Bangassou,Makeme,,Makembe
Bangassou,Ndigandigui,,Dingadigui
Bangassou,Yongofongo,,Youngofongo 1
Bangassou,Bondony,,
Bangassou,Ndinga dingui,,Dingadigui
Bangassou,"Yongofongo1
",,Youngofongo 1
Bangassou,DINGADINGUI,,Dingadigui
Bangassou,BAMBARASSA Village,,Bambarassa
Bangassou,Bondélé,,Bondele
Bangassou,Village Makembe,,Makembe
Bangassou,BADALI,,
Bangassou,Djingandigui,,Dingadigui
Bangassou,BOYMASSEE,,Boymasse
Bangassou,BOY MASSÉ,,Boymasse
Bangassou,BOY MOUSSÉ,,Boymasse
Bangassou,Gbanda,,Ngbanda
Bangassou,BAMBARASSA ,,Bambarassa
Bangui,Autre,Petevo,Bangui 6e
Bangui,,Petevo1,Bangui 6e
Bangui,Bangui 2e,,
Bangui,Bangui 3e,,
Bangui,Bangui 4e,,
Bangui,Bangui 5e,,
Bangui,Bangui 6e,,
Bangui,Bangui 7e,,
Bangui,Bangui 8e,,
Bangui,Gbangouma1,,Bangui 7e
Bangui,Wagon,,Bangui 7e
Bangui,Wagon ,,Bangui 7e
Bangui,Ouango 7eme,,Bangui 7e
Bangui,Gbangouma 1,,Bangui 7e
Bangui,Gbangouma 2,,Bangui 7e
Bangui,Ouango,,Bangui 7e
Bangui,Ouango1,,Bangui 7e
Bangui,gbangoma1,,Bangui 7e
Bangui,Oungo1,,Bangui 7e
Bangui,Gbagouma1,,Bangui 7e
Bangui,7 arrondissement/ Gbangouma 1,,Bangui 7e
Bangui,7 arrondissement Gbangouma 1,,Bangui 7e
Bangui,Quarter Mangapou 1,,Bangui 7e
Bangui,Ngbagouma ouango1(7éme arrondissement),,Bangui 7e
Bangui,Ngbagouma1(7arr),,Bangui 7e
Bangui,Galabadjia4,,Bangui 8e
Bangui,Galabadja4,,Bangui 8e
Bangui,Ngalabadja 4,,Bangui 8e
Bangui,Gabadja4,,Bangui 8e
Bangui,Ngalabadja4,,Bangui 8e
Bangui,q uartier Ngalabadja4,,Bangui 8e
Bangui,8 arrondissement/ Galabadja 4,,Bangui 8e
Bangui,7 arrondissement/ Galabadja 4,,Bangui 8e
Bangui,Galabandja4,,Bangui 8e
Bangui,Galabadja 4,,Bangui 8e
Bangui,Galababja 4,,Bangui 8e
Bangui,Gobongo4,,Bangui 4e
Bangui,Gobongo,,Bangui 4e
Bangui,Galabanga4,,Bangui 8e
Bangui,4 arrondissement / Gobongo 4,,Bangui 4e
Bangui,Gobongo 4,,Bangui 4e
Bangui,8 arrondissement Galabadja 4,,Bangui 8e
Bangui,8 arrondissement / Galabadja 4,,Bangui 8e
Bangui,Gobogo4,,Bangui 4e
Bangui,Lakouanga,,Bangui 2e
Bangui,Lakouanga2,,Bangui 2e
Bangui,Petevo,,Bangui 6e
Bangui,Lakounga 2,,Bangui 2e
Bangui,Lakouaga2,,Bangui 2e
Bangui,Gongonon1,,Bangui 8e
Bangui,Fouh Ndedegue4,,
Bangui,Combattant1,,
Bangui,Gongono(8émeArr),,Bangui 8e
Bangui,Dedenguè5(4ème Arrdt),,Bangui 4e
Bangui,Yapele2,,Bangui 2e
Bangui,Yapele1,,Bangui 2e
Bangui,Yapele4,,Bangui 2e
Bangui,Yapele 4,,Bangui 2e
Bangui,Yapelè 3 (2ème Arr),,Bangui 2e
Bangui,Yapelè2,,Bangui 2e
Bangui,Boy Rabe,,Bangui 4e
Bangui,Boy arabe,,Bangui 4e
Bangui,Madamba(Boyerab Dan's 4ème Arr),,Bangui 4e
Bangui,Madamba(4ème Arrdt),,Bangui 4e
Bangui,2eme,,Bangui 2e
Bangui,7eme,,Bangui 7e
Bangui,2e arr,,Bangui 2e
Bangui,7,,Bangui 7e
Baoro,Autre,Yoro_samba_bougoulou (paaté),Pate
Baoro,,Pate,Pate
Baoro,,PAATE,Pate
Baoro,,(paate),Pate
Baoro,,Yoro samba bougoulou(PAATE),Pate
Baoro,,Yoro-Samba-Bougoulou(PAATE),Pate
Baoro,,Yoro samba bougoulou (village paâtè),Pate
Baoro,,Pâté,Pate
Baoro,,Paaté,Pate
Baoro,Tedoa,,
Baoro,Balembe 2,,
Baoro,Bawi,,
Baoro,Groupement Mbormon,,
Baoro,Yoro Gbaya,,
Baoro,Bayanga Didi,,
Batangafo,(blank),,
Batangafo,Jdfn,,
Batangafo,Site Zino baggae,,Zibo Bagga
Batangafo,Site Maison des jeunes,,Maison des jeunes
Batangafo,Site Zibo bagga,,Zibo Bagga
Batangafo,Zibo bagga,,
Batangafo,Maison des jeunes,,
Batangafo, Site Maison des jeunes,,Maison des jeunes
Batangafo,Site maison de jeunes,,Maison des jeunes
Batangafo,Site zibo  bagga,,Zibo Bagga
Batangafo,Site bagga,,Zibo Bagga
Batangafo,Maison des jeune,,Maison des jeunes
Batangafo,Site maison des jeune,,Maison des jeunes
Batangafo,Site zibo baga,,Zibo Bagga
Berberati,Autre,Kpete ne,Berberati
Berberati,Berberati,,
Berberati,Donlogo,,
Bimbo,Autre,Sebokele 3,Sebokele 3
Bimbo,,Sebokele,Sebokele 3
Bimbo,Ngoumbeti,,
Bimbo,Ndia,,
Bimbo,Zila,,
Bimbo,Bogbaya 1,,
Bimbo,Kpanba 1,,
Birao,Aboudja 1,,
Birao,Abudja,,
Birao,AMBASSATNA,,
Birao,Ardo,,
Birao,Army,,
Birao,Bengues,,
Birao,Birao 1,,
Birao,Birao 2,,
Birao,Birao 3,,
Birao,Birao 4,,
Birao,Birao 7,,
Birao,Combattant,,
Birao,Djamal 2,,
Birao,Djamal 3,,
Birao,Djamena 1,,
Birao,Djoubkia,,
Birao,Djoubkia 1,,
Birao,Djoubkia 2,,
Birao,Dounia 2,,
Birao,Lamena,,
Birao,Lamena 1,,
Birao,Lamena 2,,
Birao,Manou,,
Birao,Montage,,
Birao,Montage 2,,
Birao,Ngerdouma,,
Birao,Nguerendoma,,
Birao,Rounga 1,,
Birao,Rounga 2,,
Birao,Songo,,
Birao,Tagnagna,,
Birao,Takamala,,
Birao,Tambaye 2,,
Birao,Tambaye 3,,
Birao,Tambaye 4,,
Birao,Tatene,,
Birao,Djoub kia 1,,
Birao,Djoub kia,,
Birao,Birao5,,
Birao,Benguess,,
Birao,Lamena1,,
Birao,Ndjamena,,
Birao,Djamal3,,
Birao,Ngerndoma,,
Birao,Djoubkia  2,,
Birao,Tambaye4,,
Birao,Tambai 3,,
Birao,Tambai 4,,
Birao,Village Army,,Army
Birao,Bringuess,,
Birao,Village Takamala,,Takamala
Birao,Village Benguess,,Bengues
Birao,Village Tagnagna,,Takamala
Birao,Benguesse,,Bengues
Birao,Ngeurendoma,,
Birao,"Birao 5  , dahal",,
Birao,"Birao, dahal",,
Birao,"Birao, roukoutou",,
Birao,"Djoubkia , roukoutou",,
Birao,Tambaye3,,
Birao,Birao 5 (Village Roukoutou),,
Birao,Birao 5 ( Village Roukoutou),,
Birao,Birao 5 Village Dahal Amlas,,
Birao,Birao 6 (Village Roukoutou),,
Birao,Ngueredomo,,
Birao,Abudja2,,
Birao,Ambassadna,,
Birao,Apbassatna,,
Birao,Tambay 1,,
Birao,Tambay 2,,
Birao,L'amena 2,,
Boali,Autre,Didango,Didango
Boali,,Boali chute,Boali
Boali,,Boali,Boali
Boali,,Boali centre,Boali
Boali,,Naomi centre,Boali
Boali,,Boali chute.,Boali
Boali,,Boali centre.,Boali
Boali,, Boali Centre,Boali
Boali,Gomoko,,
Boali,Bokane,,
Boali,Gbahao,,
Boali,Bogazi,,
Boali,Bogoula,,
Boali,Bogani,,
Bocaranga,Autre,Batayanga,Batayanga
Bocaranga,,Gaïbila 2,Nzerewere
Bocaranga,,Gonon,Nzerewere
Bocaranga,,Gonon 1,Nzerewere
Bocaranga,,Gonon1,Nzerewere
Bocaranga,,Lima,Nzerewere
Bocaranga,,Majene ,Bene
Bocaranga,,Mbicari,Nzerewere
Bocaranga,,Nzapa a hon Yoro ,NZAPA A HON YORO
Bocaranga,,Petra 1,Nzerewere
Bocaranga,,Petroca,Nzerewere
Bocaranga,,Gono1,Nzerewere
Bocaranga,,Nzapa a on yoro,NZAPA A HON YORO
Bocaranga,,Nzapa à hon-yoro,NZAPA A HON YORO
Bocaranga,,Nzapa ahon Yoro,NZAPA A HON YORO
Bocaranga,,Nzapa ahon Yoro ,NZAPA A HON YORO
Bocaranga,,Nzapa a hon,NZAPA A HON YORO
Bocaranga,,Nzapa ahon,NZAPA A HON YORO
Bocaranga,,Nzapa hon yoro,NZAPA A HON YORO
Bocaranga,,Koya,Koya
Bocaranga,,"

Koya",Koya
Bocaranga,Boboro,,
Bocaranga,ECOLE MIXTE 1,,
Bocaranga,KAIDOMON,,
Bocaranga,MBIKE 2,,
Bocaranga,Nzerewere,,
Boganda,Batonde,,
Boganda,Bossele 1,,
Bossangoa,Arabe,,
Bossangoa,Autre,Bodigui,Bossangoa
Bossangoa,,Gbakéra,Bossangoa
Bossangoa,Bedobo,,
Bossangoa,Bossangoa,,
Bossangoa,Gbele Kota,,
Bossangoa,Gpt Gbakora,,
Bossangoa,Gbehinni,,
Bossembele,Autre,Bossogbien1,Bossogbien 1
Bossembele,,Bodjo2,Bondio 2
Bossembele,,Bodjo,Bondio 2
Bossembele,Bogali,,
Bossembele,Ndjo,,
Bossembele,Bossembele,,
Bossemtele,Autre,Balla (quartier plateau).,BALLA
Bossemtele,,Balla (quartier plateau),BALLA
Bossemtele,,Bossemptelé quartier Galilée,
Bossemtele,,Bossemtelé,
Bossemtele,,Bossemptele (Quartier Gallile),
Bossemtele,,BALLA(Plateau),BALLA
Bossemtele,,BALLA ( plateau),BALLA
Bossemtele,,Bosemptele(quartier Galilée),
Bossemtele,,Bosemptele (quartier Galilée),
Bossemtele,,Bossemptele(Galillé),
Bossemtele,,Bossemptele(GAlille),
Bossemtele,,BALLA(quartier PLATEAUX,BALLA
Bossemtele,,BALLA(quartier plateau),BALLA
Bossemtele,,Bossemptele(Galilée),
Bossemtele,,Bossemptele (Galilée),
Bossemtele,,Bossemptele (Galilé),
Bossemtele,Boyali 1,,
Bossemtele,GBANENGUE 2,,
Bossemtele,Bofforo,,
Bossemtele,Zombere,,
Bossemtele,Bocongo,,
Bossemtele,GBANDENGUE,,
Bossemtele,BALLA,,
Bouar,Autre,Bea,Beiya-Gbakounde
Bouar,,Béa ,Beiya-Gbakounde
Bouar,,Béa nana,Beiya-Gbakounde
Bouar,,BENGBA,Camp-Mawa
Bouar,,Boabouzi,
Bouar,,Bouabouziki,
Bouar,,Boua-Boziki,
Bouar,,Boum 2,Bouar
Bouar,,Bwa bouziki,
Bouar,,Gaouasoungbede,Garoua
Bouar,,Garoua sgd,Garoua
Bouar,,Garoua soungbede,Garoua
Bouar,,Garoua soungbedè,Garoua
Bouar,,Garouassoungbede,Garoua
Bouar,,Haoussa 1,Bouar
Bouar,,Haoussa1,Bouar
Bouar,,Mboume,Bouar
Bouar,,Yangaïe,Garoua
Bouar,,Zegonta,Pate-Mamadou
Bouar,,Zo Kouè Zo,Bouar
Bouar,,Zotoua,Pate-Mamadou
Bouar,,Village thégoun,Mboryanga
Bouar,,Tégoun,Mboryanga
Bouar,,"6e arrondissement ,quartier mossoro",Bouar
Bouar,,Village Tegoun,Mboryanga
Bouar,,Koumbé,Koumbe
Bouar,,Boum1,Bouar
Bouar,,Tegoune,Mboryanga
Bouar,,Tekoum,Mboryanga
Bouar,,Alime 2,Koungoulou (Unknown 50?)
Bouar,,Martino,Bouar
Bouar,,Camp beya,Bouar
Bouar,,Camp Béa,Bouar
Bouar,,6e arrondissement quartier martino,Bouar
Bouar,,Matinaux,Bouar
Bouar,Beiya-Gbakounde,,
Bouar,Bouar,,
Bouar,Camp-Mawa,,
Bouar,Garoua,,
Bouar,Groupement Douane,,
Bouar,Kaeta,,
Bouar,Kassa-Zoya,,
Bouar,Koumbe,,
Bouar,Mboryanga,,
Bouar,Pate-Mamadou,,
Bouca,Autre,Bea,Beya
Bouca,,BEYA,Beya
Bouca,,Boya1 Site,Kawa
Bouca,,Site Boya1,Kawa
Bouca,,Site,Kawa
Bouca,Kawa,,
Bouca,GBADOU,,
Bouca,Bodele,,
Bouca,Lady B,,
Bouca,Gbakaya,,
Bouca,Dao-Bac,,
Bozoum,Autre,Tabaré ( tambaré),TABALE
Bozoum,,Unknown 58 (Kosso),Unknown 58
Bozoum,,Haï,Hay
Bozoum,,Zaza,ZAZA
Bozoum,,Mine mission,MID-MISSION
Bozoum,,Unknown58(kosso),Unknown 58
Bozoum,,"Unknown58(kosso),",Unknown 58
Bozoum,,Tabare(tambaré),TABALE
Bozoum,,Tabare (tambaré),TABALE
Bozoum,,Unknown58 (kosso),Unknown 58
Bozoum,,Unknown58( kosso),Unknown 58
Bozoum,,Tabale (tabaré) ,TABALE
Bozoum,,Tabare,TABALE
Bozoum,,Unknow58 (koss) ,Unknown 58
Bozoum,,Aïe,Hay
Bozoum,,Ha?,Hay
Bozoum,KPETENE,,
Bozoum,BOKONE,,
Bria,Autre,Ngoubi,Ngoubi
Bria,,Ngoubi pk18 axe Ippy,Ngoubi
Bria,,Goumbi PK18,Ngoubi
Bria,,Goumbi à PK18,Ngoubi
Bria,,Goumbia,Ngoubi
Bria,,GALABADJA,GALABADJA
Bria,,Village ngoubi,Ngoubi
Bria,,NDOMENDE,NDOMENDE 1
Bria,,Boungou 1,Boungu
Bria,,Ayorokpo_goumbadja,Ayerokpo
Bria,,BALANGBA1,Balanga
Bria,,Gbalangba 1,Balanga
Bria,,Ayorokpo - ngoubadja,Ayerokpo
Bria,,BOUNGU,Boungu
Bria,,Balagba ,Balanga
Bria,,Boungou1,Boungu
Bria,,Balagba,Balanga
Bria,,AYOROKPO,Ayerokpo
Bria,,Issa Mazngue,Balanga
Bria,,Issa Mazengue,Balanga
Bria,,Ayorkpo,Ayerokpo
Bria,,Ayorkpo-Ngoubadja,Ayerokpo
Bria,,AYOROKPO_NGOUBADJA,Ayerokpo
Bria,,Balangba,Balanga
Bria,,Boungou,Boungu
Bria,,Ayorokpo.ngou badja,Ayerokpo
Bria,,Balangba 1,Balanga
Bria,,Ayoropko,Ayerokpo
Bria,,Ayoropko-ngoubadia,Ayerokpo
Bria,Bria,,
Bria,AMAMEU,,
Bria,GALABADJA,,
Bria,GBADOU,,
Bria,MANDE 3,,
Bria,Hopital de Bria,,
Bria,Eglise CEBI 1,,
Bria,GOBOLO 2,,
Bria,GOBOLO 1,,
Bria,NDOMENDE 1,,
Bria,PK 3,,
Bria,BORNOU 2,,
Bria,BORNOU 1,,
Carnot,Autre,Ngoubara,Ngogbara
Carnot,,Ganli,Ganli
Carnot,,Beyele,Beyele
Carnot,,Ngougbara,Ngogbara
Carnot,,Nganli,Ganli
Carnot,,Béyélé,Beyele
Carnot,,Village ngoungbara,Ngogbara
Carnot,,Village ngoungbarra,Ngogbara
Carnot,,Village ganli quartier toutoumbou,Ganli
Carnot,,Guanli,Ganli
Carnot,,Beyelé,Beyele
Carnot,,Village mbeyele,Beyele
Carnot,,NGOU GBARA,Ngogbara
Carnot,,Ngoubala,Ngogbara
Carnot,,Gangli,Ganli
Carnot,,Ngoungbara,Ngogbara
Carnot,Ngbaboko,,
Carnot,Carnot,,
Damara,Gbaya 2,,
Damara,Gba,,
Dekoa,Autre,Bongo1,Bongo 2
Dekoa,,Bongo,Bongo 2
Dekoa,,Bongo 1,Bongo 2
Dekoa,Boanga,,
Dekoa,Gbegon,,
Dekoa,Bongo 2,,
Dekoa,Gou 2,,
Dekoa,Begou,,
Dekoa,Cotonaf,,
Dekoa,Tilo,,
Dekoa,Bayelaka,,
Dekoa,Ngoudongo 1,,
Djema,Autre,Ourou 1,
Djema,,MABOU,
Gambo,Socada,,
Gambo,Bao,,
Gambo,Amani,,
Gambo,Mbringa,,
Gambo,Babala,,
Gambo,Mbango,,
Gambo,Baguini,,
Gamboula,Autre,Moussa 2,Moussa-Ngoe
Gamboula,,NDOUBANGA,Doubanga
Gamboula,,NABINMON,Nabimon
Gamboula,,MOUSSANGOE,Moussa-Ngoe
Gamboula,,NDOBANGA,Doubanga
Gamboula,,Nanbimon,Nabimon
Gamboula,,Moussa Ngoe,Moussa-Ngoe
Gamboula,,Korondo,Korando
Gamboula,,Nabinmo,Nabimon
Gamboula,,Moussangoy,Moussa-Ngoe
Gamboula,,Nabimo,Nabimon
Gamboula,,Moussangoye,Moussa-Ngoe
Gamboula,,Doubanga,Doubanga
Gamboula,,Nabimon,Nabimon
Gamboula,,Mousangoué,Moussa-Ngoe
Gamboula,,OUAYERE,
Gamboula,,Village nambimo,Nabimon
Gamboula,,Village Moussangoe,Moussa-Ngoe
Gamboula,,Mousangoie,Moussa-Ngoe
Gamboula,,Doubaga,Doubanga
Gamboula,Nangoko,,
Gamboula,Dongo,,
Gamboula,Korando,,
Grimari,Autre,TERE3,Goussouma
Grimari,Guissibanda,,
Grimari,Goussouma,,
Grimari,Bakoa,,
Grimari,Ndjangala,,
Grimari,Kandjia 2,,
Grimari,Gouhoutou,,
Grimari,Bougoua 1,,
Grimari,Mindoukota,,
Ippy,Autre,PANANGA,Panenga
Ippy,,PANENGA,Panenga
Ippy,Domo,,
Ippy,Gbaza,,
Ippy,Ippy,,
Ippy,Ngoubondo,,
Kabo,Wango Igor,,site C (cite de la paix)
Kabo,Ndiba 1,,Ndimba 1
Kabo,Bogama1,,Bogama 1
Kabo,Bagama,,Bogama 1
Kabo,Bogama 1,,
Kabo,Bogama,,Bogama 1
Kabo,Site c(blocA),,site C (cite de la paix)
Kabo,Site C (blocA),,site C (cite de la paix)
Kabo,Site c (bloc A),,site C (cite de la paix)
Kabo,Site c(bloc A),,site C (cite de la paix)
Kabo,Site c  cité de la paix,,site C (cite de la paix)
Kabo,Site  c   cité de la paix,,site C (cite de la paix)
Kabo,Kemngoyeye,,
Kabo,Site  c.  Cité de la paix,,site C (cite de la paix)
Kabo,Site c  cite de la paix,,site C (cite de la paix)
Kabo,Site  c  cite de la paix,,site C (cite de la paix)
Kabo,Ndimba1,,Ndimba 1
Kabo,Djimba1,,Ndimba 1
Kabo,Sogniki,,
Kabo,Farazala,,Farazala B
Kabo,Dimba1,,Ndimba 1
Kabo,Goneker 1,,
Kabo,Farazala 2,,Farazala B
Kabo,"Farazala 2
",,Farazala B
Kabo,Ngonkira,,
Kabo,Farazala B,,
Kabo,Site c cité de la paix,,site C (cite de la paix)
Kabo,Site c( cité de la paix),,site C (cite de la paix)
Kabo,Site c(cité de la paix),,site C (cite de la paix)
Kabo,Ngonikira,,
Kabo,Farazala2,,Farazala B
Kabo,Site c blanc 2,,site C (cite de la paix)
Kabo,Site c bloc 2,,site C (cite de la paix)
Kabo,Site c (cité de la paix),,site C (cite de la paix)
Kabo,Site bloc 2,,site C (cite de la paix)
Kabo,Site C bloc B,,site C (cite de la paix)
Kabo,Kava2,,Kava 2
Kabo,Site c (cite de la paix),,
Kabo,Java 2,,Kava 2
Kabo,Nhonikira,,
Kabo,Site c (ceté de la paix),,site C (cite de la paix)
Kabo,Site c (cité de la pas),,site C (cite de la paix)
Kabo,Gemngoyeye,,Kemngoyeye
Kabo,Site c ( cite de la paix),,site C (cite de la paix)
Kabo,Kava 2,,
Kaga_Bandoro,Abakar,,
Kaga_Bandoro,Bakaba,,
Kaga_Bandoro,Bakouté,,
Kaga_Bandoro,Balekara,,
Kaga_Bandoro,Bébé,,
Kaga_Bandoro,Botokon,,
Kaga_Bandoro,Boubou,,BOUBOU 1
Kaga_Bandoro,Fah-village,,
Kaga_Bandoro,Gbaya,,
Kaga_Bandoro,Kaba,,
Kaga_Bandoro,Lazare,,
Kaga_Bandoro,Mambea,,
Kaga_Bandoro,Mengue bokengue,,
Kaga_Bandoro,Patcho,,PATCHO 1
Kaga_Bandoro,Serebanda,,
Kaga_Bandoro,Site Mbella,,MBELLA
Kaga_Bandoro,Site Minusca,,Minusca
Kaga_Bandoro,Socada,,
Kaga_Bandoro,Zindi,,
Kaga_Bandoro,Kanga,,
Kaga_Bandoro,Site lazare,,LAZARE
Kaga_Bandoro,Site Lazaret,,LAZARE
Kaga_Bandoro,Lazare bloc 5,,LAZARE
Kaga_Bandoro,Site1 Lazare,,LAZARE
Kaga_Bandoro,Site 1 lazare,,LAZARE
Kaga_Bandoro,Site lazaret bloc 12,,LAZARE
Kaga_Bandoro,Site Lazare bloc 6,,LAZARE
Kaga_Bandoro,Lazaré,,LAZARE
Kaga_Bandoro,Site Lazaret Bloc 4,,LAZARE
Kaga_Bandoro,Site lazari,,LAZARE
Kaga_Bandoro,Site Lazare Bloc3,,LAZARE
Kaga_Bandoro,Bloc 11 de lazari,,LAZARE
Kaga_Bandoro,Bloc 11,,LAZARE
Kaga_Bandoro,Site munuska,,Minusca
Kaga_Bandoro,Site minusca bloc 5,,Minusca
Kaga_Bandoro,Bloc 2,,Minusca
Kaga_Bandoro,Site munisca bloc 2,,Minusca
Kaga_Bandoro,Site minusca bloc5,,Minusca
Kaga_Bandoro,Munisca bloc 2,,Minusca
Kaga_Bandoro,Minusca,,
Kaga_Bandoro,Site munisca,,Minusca
Kaga_Bandoro,Site minusca bloc 8,,Minusca
Kaga_Bandoro,Site Minusca ,,Minusca
Kaga_Bandoro,Site Munisca Bloc 4,,Minusca
Kaga_Bandoro,Site de Minusca Bloc 6,,Minusca
Kaga_Bandoro,Site Minusca Bloc 6,,Minusca
Kaga_Bandoro,Site munisca bloc 7,,Minusca
Kaga_Bandoro,Site minusca bloc 7,,Minusca
Kaga_Bandoro,Bloc bamou,,Minusca
Kaga_Bandoro,Bambou bloc 9,,Minusca
Kaga_Bandoro,Bloc 9 bamou,,Minusca
Kaga_Bandoro,Quartier gobongo 2,,
Kaga_Bandoro,Quartier gobongo2,,
Kaga_Bandoro,6 arrd quartier baïpô1,,
Kaga_Bandoro,6 arrd quartier baïpô,,
Kaga_Bandoro,Menguel Bokengue,,Mengue Bokengue
Kaga_Bandoro,Commune nanaouta,,BAKABA
Kaga_Bandoro,Commune nanaouta (Bakaba),,BAKABA
Kaga_Bandoro,Pathio,,PATCHO 1
Kaga_Bandoro,Patho,,PATCHO 1
Kaga_Bandoro,Quartier patcho2,,PATCHO 1
Kaga_Bandoro,Quartier bakaba,,BAKABA
Kaga_Bandoro,Gravai 1,,GREVAI 2
Kaga_Bandoro,Grevai 1,,GREVAI 2
Kaga_Bandoro,Ngravaï,,GREVAI 2
Kaga_Bandoro,Ngrévaï,,GREVAI 2
Kaga_Bandoro,Grevaï3,,GREVAI 2
Kaga_Bandoro,Quartier grevaï4,,GREVAI 2
Kaga_Bandoro,Grevai,,GREVAI 2
Kaga_Bandoro,Wango Igor,,GREVAI 2
Kaga_Bandoro,Gervais 5,,GREVAI 2
Kaga_Bandoro,Gervais 4,,GREVAI 2
Kaga_Bandoro,Grevai.1,,GREVAI 2
Kaga_Bandoro,Grevai 4,,GREVAI 2
Kaga_Bandoro,Grivai pamia,,GREVAI 2
Kaga_Bandoro,"
Grivai pamia",,GREVAI 2
Kaga_Bandoro,Centre ngrevaïl,,GREVAI 2
Kaga_Bandoro,Axe ngrevail,,GREVAI 2
Kaga_Bandoro,Commune grevail (pamia),,GREVAI 2
Kaga_Bandoro,Grivai,,GREVAI 2
Kaga_Bandoro,Commune ngrevail(Site kaba),,KABA
Kaga_Bandoro,Site kaba,,KABA
Kaga_Bandoro,Site de kaba,,KABA
Kaga_Bandoro,Boubou ,,BOUBOU 1
Kaga_Bandoro,Boubou2,,BOUBOU 1
Kaga_Bandoro,Commune ngrevail (boubou 2),,BOUBOU 1
Kaga_Bandoro,Bakoute,,
Kaga_Bandoro,Déplace site kaba,,KABA
Kaga_Bandoro,Site des déplacés kaba,,KABA
Kaga_Bandoro,Village boubou,,BOUBOU 1
Kaga_Bandoro,Quartier boubou,,BOUBOU 1
Kaga_Bandoro,Quartier bakoute,,
Kaga_Bandoro,Fah village,,FAH-VILLAGE
Kaga_Bandoro,Village botokon,,BOTOKON
Kaga_Bandoro,Favillage,,FAH-VILLAGE
Kaga_Bandoro,Fa village,,FAH-VILLAGE
Kaga_Bandoro,Quartier fah village ,,FAH-VILLAGE
Kaga_Bandoro,Quartier fah village,,FAH-VILLAGE
Kaga_Bandoro,Quartier botokon,,BOTOKON
Kaga_Bandoro,Bontonkon,,BOTOKON
Kaga_Bandoro,Fah -village,,FAH-VILLAGE
Kaga_Bandoro,Gag village,,FAH-VILLAGE
Kaga_Bandoro,Botonkon,,BOTOKON
Kaga_Bandoro,Fahvillage,,FAH-VILLAGE
Kaga_Bandoro,Botoko,,BOTOKON
Kaga_Bandoro,Denga,,KANGA
Kaga_Bandoro,Ganama,,
Kaga_Bandoro,Quartier (Ganama),,Ganama
Kaga_Bandoro,Yanindji,,YANENDJI
Kaga_Bandoro,Yanidji,,YANENDJI
Kaga_Bandoro,Quartier ganama,,Ganama
Kaga_Bandoro,Bloc 3,,
Kaga_Bandoro,Tipoyeur,,TYPOYEUR
Kaga_Bandoro,Quartier (tipoyer),,TYPOYEUR
Kaga_Bandoro,Quartier tipoyeur,,TYPOYEUR
Kaga_Bandoro,"Typoyeur
 ",,TYPOYEUR
Kaga_Bandoro,Typoyeur,,
Kaga_Bandoro,"Site minusca
",,Minusca
Kaga_Bandoro,Site munusca,,Minusca
Kaga_Bandoro,Site des déplacées Minusca,,Minusca
Kembe,Autre,Bidou 1,Bidou 1
Kembe,, Ngouala 2,Gouala
Kembe,,Satema centre,Satema
Kembe,,GOUALA 2,Gouala
Kembe,,Ngouala,Gouala
Kembe,,Ngouala2,Gouala
Kembe,,Goala 2,Gouala
Kembe,,Gouala2,Gouala
Kembe,Bidou 2,,
Kembe,Gbama 3,,
Kouango,Autre,Goya,Goya
Kouango,,Lindao,Lindao
Kouango,,Camp coupeur,Camp-coupeurs
Kouango,,Village lindao,Lindao
Kouango,,Linda,Lindao
Kouango,,Iindao,Lindao
Kouango,,Ngakobo,Ngakobo
Kouango,,Ngakobo centre,Ngakobo
Kouango,Banga 2,,Goya
Kouango,Boroto,,
Kouango,Doungba 4,,
Kouango,Bombala 2,,
Kouango,Gbagomara,,
Kouango,Gbada,,
Kouango,Kouango,,Ngakobo
Koui,Autre,Digcobira,Bomango
Koui,,Mbila,Bomango
Koui,,Quarédé,BATAYANGA
Koui,,Karré 2,BATAYANGA
Koui,,Karé2,BATAYANGA
Koui,,Populaire 1,Populaire 1
Koui,,Populaire,Populaire 1
Koui,BATAYANGA,,
Koui,Bomango,,
Koui,Boya-Wantounou,,BATAYANGA
Koui,DJOGUEL,,
Koui,LAMORDE,,
Koui,MBILAGBI,,
Mala,Yomba,,
Mala,Assoulemaka,,
Mala,Marba,,
Mala,Bila,,
Mala,Bokoute,,
Mala,Kouma,,
Mala,Mala,,
Mala,Basse Kouma,,
Mala,Ngourkaba 1,,
Mbaiki,Kpeketo,,
Mbres,Quartier musulmans,,Mbrés
Mbres,Mbrés,,
Mbres,Bangora 1,,Mbrés
Mbres,Maorka,,
Mbres,Dakpa,,Mbrés
Mbres,Ndiba,,
Mbres,Blakadja,,
Mbres,Kanga,,Kanga
Mbres,Wango Igor,,Mbrés
Mbres,Nouvelle base mbre 3,,Mbrés
Mbres,Nouvelle base mbre ,,Mbrés
Mbres,Mbré1,,Mbrés
Mbres,"Quartier nouvelle base mbré  3

",,Mbrés
Mbres,Linguiri,,Ouande-Linguiri
Mbres,Quartier nouvel base,,Mbrés
Mbres,Mbres1,,Mbrés
Mbres,Quartier bagoro2,,Mbrés
Mbres,Gbozou,,Bozou
Mbres,Mahoroko,,Maorka
Mbres,Quartier linguiri,,Ouande-Linguiri
Mbres,Village linguiri,,Ouande-Linguiri
Mbres,Mahorka,,Maorka
Mbres,Gbouzou,,Bozou
Mbres,Mbres 1,,Mbrés
Mbres,Ndjiba 1,,Ndiba
Mbres,Blakadja1,,Blakadja
Mbres,Balekete-Azene,,Balekete (Azene)
Mbres,Blagadja,,Blakadja
Mbres,Azene balekete,,Balekete (Azene)
Mbres,Mbrés 1,,Mbrés
Mbres,Gbagoro 2,,Mbrés
Mbres,M'bre 1,,Mbrés
Mbres,Gbagoro2,,Mbrés
Mbres,Balekete  -azene,,Balekete (Azene)
Mbres,Mbres3,,Mbrés
Mbres,Mbre centre(quartier mbre1),,Mbrés
Mbres,M'bre 3,,Mbrés
Mbres,Balenete azen,,Balekete (Azene)
Mbres,Gbazou,,Bozou
Mbres,Centre mbré(quartier kada),,Mbrés
Mbres,Mbre centre (quartier mbré 1),,Mbrés
Mbres,Blagadja 2,,Blakadja
Mbres,Gblakzdja,,Blakadja
Mbres,Centre mbré(quartier bagoro1),,Mbrés
Mbres,Gblakadja,,Blakadja
Mbres,Centre mbré(quartier bagoro2),,Mbrés
Mbres,Village (wande linguiri),,Ouande-Linguiri
Mbres,Ndiba 1,,
Mbres,Ndjiba 2,,Ndiba
Mbres,Mbozou,,Bozou
Mbres,Blagadia 2,,Blakadja
Mbres,Balekete azen,,Balekete (Azene)
Mbres,Blagadia1,,Blakadja
Mbres,Nguiba2,,Ndiba
Mbres,Ndimba,,Ndiba
Mbres,Maoroka,,Ndiba
Mobaye,Autre,Tongba-gbouté,Mobaye
Mobaye,,Tongba,Mobaye
Mobaye,,Tongan vondo,Mobaye
Mobaye,,Tonga vondo,Mobaye
Mobaye,,Tongba zengur,Mobaye
Mobaye,Boubanda,,
Mobaye,Oyé 1,,OYE 1
Mobaye,Gbabi 1,,
Mobaye,GBAMA 1,,
Mobaye,KANDJA,,
Mobaye,BANDOU 2,,
Mobaye,Banda-Fara,,
Mobaye,Koyabrou,,
Mobaye,Boyidou,,
Mobaye,Dougba,,
Mobaye,OYE 1,,
Mobaye,Goumanda,,Boubanda
Mobaye,Mobaye,,
Nana-Bakassa,Bende,,
Nana-Bakassa,Bokpata 1,,
Nana-Bakassa,Bomboimo,,
Nana-Bakassa,Anafio,,
Nana-Bakassa,Bendoui,,
Nangha-Boguila,Boguila-Kete,,
Nangha-Boguila,Boguela,,
Nangha-Boguila,Bananga,,
Nangha-Boguila,Bedin,,
Nangha-Boguila,Bogone 3,,
Nangha-Boguila,Bonoi 2,,
Nangha-Boguila,Bombara-Kota,,
Ndele,Autre,Kpetene,
Ndele,,Ndoka 1,
Ndele,,Lamena 3,LEMANA 3
Ndele,Lamena 1,,
Ndele,Lamena 2,,
Ndele,(blank),,
Ndele,KANDJA,,
Ndele,KPETENE,,
Ndele,Quartier Sultan 1,,
Ndele,Mourouba,,
Ndele,Mouroba,,
Ndele,N'dele,,Ndele
Ndele,Site de Gozamar,,GOZAMAR
Ndele,Site gozamar,,GOZAMAR
Ndele,N'doka2,,
Ndele,Site déplacer gozamar,,GOZAMAR
Ndele,Ndoka 2,,
Ndele,Site déplacé gozamar,,GOZAMAR
Ndele,Ndoka,,
Ndele,Site déplacé gazamar,,GOZAMAR
Ndele,Ndoka1,,
Ndele,Gozamar,,
Ndele,Ndouka,,
Ndele,Sultan 2,,
Ndele,Soultan2,,
Ndele,Soulta 2,,
Ndele,Soultan 1,,
Ndele,Ahoussa,,Haoussa 2
Ndele,Ngandja,,
Ndele,Kandjia,,
Ndele,Ngadja,,
Ndele,Ngaoundakpa,,
Ndele,N'gaoundakpa,,
Ndele,Site  deplace Gozamar,,GOZAMAR
Ndele,Lemana 2,,
Ndele,LEMANA 3,,
Ndele,Zoukoutouniala 2,,
Ndele,Lamena 3,,LEMANA 3
Ndele,Lemena 2,,LEMANA 2
Ndele,Lamina 3,,LEMANA 3
Ndele,L'emmena 3,,LEMANA 3
Ndele,Houi,,Ouhi
Ndele,Ouhi,,
Ndele,Lamine 3,,LEMANA 3
Ndele,Lemea 2,,LEMANA 2
Ndele,Lemea 1,,
Ndele,Lemea 3,,LEMANA 3
Ndele,L'amena 3,,LEMANA 3
Ndele,Iamena  3,,LEMANA 3
Ndele,Zoukoutouniala,,ZOUKOUTOUNIALA 2
Ndele,Zoukoutougnala,,ZOUKOUTOUNIALA 2
Ndele,Zoukoutoughala,,ZOUKOUTOUNIALA 2
Ndele,Sokoumba,,
Ndele,Soukoumba,,SOKOUMBA
Ndele,Zoukoutouyala  2,,ZOUKOUTOUNIALA 2
Ndele,Zoukoutougla.  1,,ZOUKOUTOUNIALA 2
Ndele,Zoukoutounial 2,,ZOUKOUTOUNIALA 2
Ndele,Zoukoutouniala 3,,ZOUKOUTOUNIALA 2
Ndele,Site  Gozamar,,GOZAMAR
Ndele,Ngadjia,,
Ndele,Haoussa,,Haoussa 2
Ndele,Site. Deqlacee,,GOZAMAR
Ndele,Ndele,,
Ndjoukou,Bango 2,,
Ndjoukou,Djouda 1,,
Ndjoukou,Gbiangora,,
Ndjoukou,Guigui Banda,,
Ndjoukou,Deko Mbimbi,,
Ndjoukou,Mourou Fleuve,,
Ndjoukou,Camp Cotonaf,,
Ndjoukou,Gbazanga,,
Ndjoukou,La bamba,,
Ndjoukou,PK9 Sibut,,
Ndjoukou,KASSIA,,
Ngaoundaye,Bac Lim,,
Ngaoundaye,Bène,,
Ngaoundaye,Boko,,
Ngaoundaye,Bouabourou,,
Ngaoundaye,Kodi,,
Ngaoundaye,Kouleo,,
Ngaoundaye,Mbereguili,,
Obo,Autre,NAIROBI,Obo
Obo,,NAIROBI 1,Obo
Obo,Gougbere,,
Obo,GOUGBERE-BAZIMA,,
Obo,Boyo,,
Obo,Obo,,
Obo,Gambo,,
Obo,Nguilinguili,,
Obo,NAKPANGA,,
Obo,BAMBITO,,
Obo,MOTOPI,,
Ouadda,Autre,Boungou1,
Ouadda,,AYOROKPO,
Ouadda,,AYOROKPO-NGOUBADJA,
Ouango,Youloungou,,YOLOUNGOU
Ouango,Bobo,,
Ouango,Ndogba,,
Ouango,Ndongba,,NDOGBA
Ouango,Yenzia,,
Ouango,Mbambale,,
Ouango,Mbambalé,,MBAMBALE
Ouango,Youlougou,,YOLOUNGOU
Ouango,Basse Kotto,,Basse-Kotto
Ouango,NDOGBO,,NDOGBA
Ouango,Basse-kotto,,
Paoua,TALEY,,
Paoua,BEMAIDE CITY,,
Paoua,ACADOP,,
Paoua,BEBOUZAWE 1,,
Paoua,BEBOY 1,,
Paoua,BEDAYA 1 (NDIMBAYA),,
Paoua,AERODROME,,
Paoua,PLATON,,
Paoua,Poubati,,
Paoua,BETIBOINDA 1,,
Paoua,BARYA (GANG NDA),,
Rafai,Kpete,,
Rafai,Loungba,,
Rafai,Ngonza,,
Rafai,Rafaï ,,Rafai
Rafai,Sambora,,
Rafai,sandou (site b),,SANDOU
Rafai,Bengba 3(site A),,BINGBA 3
Rafai,Bengba3(site A),,BINGBA 3
Rafai,Bengba3(siteA),,BINGBA 3
Rafai,RAFAI (tangbi),,Rafai
Rafai,RAFAI(tangbi),,Rafai
Rafai,AIM (siteA),,AIM
Rafai,AIM (site a),,AIM
Rafai,AIM (site b),,AIM
Rafai,Ngouza,,Ngonza
Rafai,(Rafai) quartier mogba,,Rafai
Rafai,Sambara,,Sambora
Rafai,Bengba3 (site A),,BINGBA 3
Rafai,Rafaï,,Rafai
Rafai,SANDOU ( site B),,SANDOU
Rafai,NGOUNZA,,Ngonza
Rafai,"Bengba3,,(site A)",,BINGBA 3
Rafai,A IM(site),,AIM
Rafai,A I M (site),,AIM
Rafai,A I M(site),,AIM
Rafai,Bengba centre,,Rafai
Rafai,Rafaï centre (bengba1),,Rafai
Satema,Autre,Satema centre,Satema
Satema,,SATEMA,Satema
Satema,,Satatema centre,Satema
Sibut,Autre,Kangamotema2 2km de kpabe,pk2 Kpabe
Sibut,,Kangamote 2/  2km de kpabe,pk2 Kpabe
Sibut,,Kangamote 2km (kpabe),pk2 Kpabe
Sibut,,2km de kpabe a KANGAMOTEMA,pk2 Kpabe
Sibut,,Kpabe' 2km(kangamote'),pk2 Kpabe
Sibut,,2km de kpabé(kangamote ma),pk2 Kpabe
Sibut,Bakongo,,
Sibut,Bindi,,
Sibut,Boakana 2,,
Sibut,Boambali 1,,
Sibut,Banga 1,,
Sibut,Boakana,,
Sibut,Bokoute 2,,
Sibut,Bokossin,,
Sibut,Djaindola 2,,
Yaloke,Autre,Bobara2,Bongbara
Yaloke,,Gaga,Gaga
Yaloke,,Bogbara2,Bongbara
Yaloke,,Bogbara 2,Bongbara
Yaloke,,Bongbara2,Bongbara
Yaloke,Bongbalo 1,,
Yaloke,Bokede 1,,
Yaloke,Bossemboubou,,
Yaloke,Badangafou,,
Yaloke,Yaloke,,
Yaloke,Boho,,
Zangba,Autre,Ngombe Moune,Gbouma
Zangba,,NGOMBE -MOUNE,Gbouma
Zangba,,NGOMBE- MOUNE,Gbouma
Zangba,,Ngombé-mouné,Gbouma
Zangba,,Gombe-moune,Gbouma
Zangba,,Ngombe _moune,Gbouma
Zangba,,Ngombe mouna,Gbouma
Zangba,,Ngombe_mouné,Gbouma
Zangba,,Ngombe mounaie,Gbouma
Zangba,,Ngombe mone,Gbouma
Zangba,,Ngombe,Gbouma
Zangba,Balidou 1,,
Zangba,Ngapo,,
Zangba,Kodje 1,,
Zangba,Gouadje 2,,
Zangba,Mategba,,
Zangba,Kpoulou,,
Zangba,Kodje 3,,
Zemio,Autre,Mahamat,
Zemio,,Kondo ,
Zemio,,Mama3,
Zemio,Kitessa,,
Zemio,Tamboura,,
Zemio,KOUMBOLI,,
Zemio,Bandakpa,,
Zemio,Bandassi,,
Zemio,Gendarmerie,,
Zemio,ARGUE,,
